{"cameraMode":{"drawMode":0,"name":"Shaded","section":"Shading Mode"},"sceneLighting":true,"audioPlay":false,"sceneViewState":{"showFog":true,"showMaterialUpdate":false,"showSkybox":true,"showFlares":true,"showImageEffects":true,"showParticleSystems":true},"in2DMode":false,"pivot":{"x":-2.2640509605407717,"y":-1.034862756729126,"z":-2.525773763656616},"rotation":{"x":-0.040608178824186328,"y":0.09636677801609039,"z":-0.003934819251298904,"w":-0.9945094585418701},"size":12.78022289276123,"orthographic":false}